{"mean": [6958.5, 1738340490.0054479, 1.0, 939.0790457027881, 64.0, 5104.218669157804, 1546525876.940141, 1609509634.0478585, 5.402158254720372e-07, 5.752612941765406e-10, 3.68167228272986e-08, 62983757.10771774, 11121903049089.076, 0.1899971256108077], "scale": [4017.2031626493576, 218.13695785757324, 1.0, 256.86644167653833, 1.0, 13818.84088862017, 1342816092.4183407, 1219767746.0059862, 1.477653050514854e-07, 7.218710082982508e-17, 4.619974453014985e-15, 1594414226.7367492, 35310693165919.03, 0.3922986335311897]}